n,olympiad,level,profiles,subjects,universities_bvi,universities_100,universities_total,page_url
8,Всероссийская олимпиада школьников «Высшая проба»,1,биология (II); востоковедение (II); география (II); дизайн (I); восточные языки (I); иностранный язык (I); информатика (I); инженерные науки (II); история искусств (II); история (I); промышленное программирование (II); анализ данных (III); культурология (I); математика (I); обществознание (I); международные отношения (II); право (I); психология (II); русский язык (II); социология (II); журналистика (I); физика (II); философия (II); химия (II); финансовая грамотность (I); экономика (I); основы бизнеса (II); филология (I),"Биология и медицина, Обществознание и право, Науки о Земле, Искусство и дизайн, Языки, Информатика и программирование, История, Математика, Литература, Физика, Химия, Экономика и финансы",32,17,34,https://codolymp.ru/postuplenie/olimpiada/vysshaya-proba-8
52,Олимпиада школьников «Покори Воробьевы горы!»,1,география (II); иностранный язык (I); история (I); литература (I); математика (I); обществознание (I); журналистика (I); физика (I),"Науки о Земле, Языки, История, Литература, Математика, Обществознание и право, Физика",32,16,33,https://codolymp.ru/postuplenie/olimpiada/pokori-vorobevy-gory-52
59,Олимпиада школьников Санкт-Петербургского государственного университета,1,биология (I); география (I); иностранный язык (I); филология (I); информатика (I); история (I); медицина (II); математика (I); математическое моделирование и искусственный интеллект (III); инженерные системы (III); обществознание (I); гуманитарные и социальные науки (II); международные отношения (II); политология (II); право (I); психология (III); журналистика (I); физика (II); философия (II); химия (II); экономика (II),"Биология и медицина, Науки о Земле, Языки, Литература, Информатика и программирование, История, Математика, Физика, Химия, Инженерия и техника, Обществознание и право, Экономика и финансы",32,17,33,https://codolymp.ru/postuplenie/olimpiada/sankt-peterburgskogo-gosudarstvennogo-universiteta-59
50,Олимпиада школьников «Ломоносов»,1,генетика (II); экология (II); биология (I); география (I); иностранный язык (I); информатика (II); международные отношения и глобалистика (I); политология (II); история (I); основы российской государственности (I); литература (I); математика (I); механика и математическое моделирование (II); космонавтика (II); высокие технологии (I); геология (I); обществознание (I); психология (I); русский язык (I); журналистика (I); физика (I); религиоведение (II); философия (I); химия (I); право (I),"Биология и медицина, Науки о Земле, Языки, Информатика и программирование, Обществознание и право, История, Литература, Математика, Инженерия и техника, Физика, Химия",31,16,32,https://codolymp.ru/postuplenie/olimpiada/lomonosov-50
37,Московская олимпиада школьников,1,астрономия (II); генетика (II); география (I); лингвистика (I); информатика (I); предпрофессиональная (III); изобразительное искусство (II); история искусств (I); история (II); математика (I); вероятность и статистика (II); робототехника (II); экология (II); обществознание (II); право (III); физика (I); химия (I); экономика (II); финансовая грамотность (III),"Физика, Биология и медицина, Науки о Земле, Языки, Информатика и программирование, Инженерия и техника, Искусство и дизайн, История, Математика, Обществознание и право, Химия, Экономика и финансы",30,19,32,https://codolymp.ru/postuplenie/olimpiada/moskovskaya-37
75,Санкт-Петербургская олимпиада школьников,1,математика (I); химия (I),"Математика, Химия",30,13,32,https://codolymp.ru/postuplenie/olimpiada/sankt-peterburgskaya-75
81,Турнир городов,1,математика (I),Математика,30,12,31,https://codolymp.ru/postuplenie/olimpiada/turnir-gorodov-81
54,Олимпиада школьников «Физтех»,1,биология (II); информатика и программирование (III); математика (II); научно-технический (II); физика (I); инженерное дело (II); химия (III),"Биология и медицина, Информатика и программирование, Математика, Физика, Химия",29,16,31,https://codolymp.ru/postuplenie/olimpiada/fizteh-54
64,Открытая олимпиада школьников,1,информатика (I); математика (III); физика (III),"Информатика и программирование, Математика, Физика",29,15,30,https://codolymp.ru/postuplenie/olimpiada/otkrytaya-olimpiada-shkolnikov-64
14,Всесибирская открытая олимпиада школьников,1,биология (II); информатика (II); математика (II); физика (II); химия (I),"Биология и медицина, Информатика и программирование, Математика, Физика, Химия",28,15,32,https://codolymp.ru/postuplenie/olimpiada/vsesibirskaya-14
82,Турнир имени М.В. Ломоносова,2,биология (II); история (II); литература (II); математика (II); лингвистика (II); физика (II); химия (II),"Биология и медицина, История, Литература, Математика, Языки, Физика, Химия",28,15,31,https://codolymp.ru/postuplenie/olimpiada/turnir-m-lomonosova-82
70,Отраслевая физико-математическая олимпиада школьников «Росатом»,1,информатика (II); математика (II); физика (I),"Информатика и программирование, Математика, Физика",28,14,30,https://codolymp.ru/postuplenie/olimpiada/otraslevaya-fiziko-matematicheskaya-rosatom-70
15,Вузовско-академическая олимпиада по информатике,1,информатика (I),Информатика и программирование,28,13,29,https://codolymp.ru/postuplenie/olimpiada/vuzovsko-akademicheskaya-informatike-15
56,Олимпиада школьников по информатике и программированию,1,информатика (I),Информатика и программирование,28,12,29,https://codolymp.ru/postuplenie/olimpiada/informatike-programmirovaniyu-56
65,Открытая олимпиада школьников по программированию,1,информатика (I),Информатика и программирование,28,13,29,https://codolymp.ru/postuplenie/olimpiada/programmirovaniyu-65
22,Международная олимпиада «Innopolis Open»,2,робототехника (III); искусственный интеллект (III); информационная безопасность (III); информатика (II); математика (II),"Инженерия и техника, Информатика и программирование, Математика",27,15,31,https://codolymp.ru/postuplenie/olimpiada/mezhdunarodnaya-innopolis-open-22
43,Олимпиада Курчатов,2,математика (II); физика (II),"Математика, Физика",27,13,31,https://codolymp.ru/postuplenie/olimpiada/kurchatov-43
34,Межрегиональные предметные олимпиады федерального государственного автономного образовательного учреждения высшего образования «Казанский (Приволжский) федеральный университет»,1,дизайн (I); иностранный язык (II); информатика (III); история (III); право (III); русский язык (II); физика (III); химия (I),"Искусство и дизайн, Языки, Информатика и программирование, История, Обществознание и право, Физика, Химия",27,16,30,https://codolymp.ru/postuplenie/olimpiada/mezhregionalnye-predmetnye-federalnogo-gosudarstvennogo-avtonomnogo-34
55,Олимпиада школьников «Шаг в будущее»,2,информатика (III); инженерное дело (II); математика (III); физика (II); химия (III); компьютерное моделирование и графика (III),"Информатика и программирование, Инженерия и техника, Физика, Математика, Химия",27,14,30,https://codolymp.ru/postuplenie/olimpiada/shag-buduschee-55
18,Инженерная олимпиада школьников,1,физика (I),Физика,27,11,28,https://codolymp.ru/postuplenie/olimpiada/inzhenernaya-18
41,Объединенная межвузовская олимпиада школьников,2,математика (II); физика (III),"Математика, Физика",26,14,30,https://codolymp.ru/postuplenie/olimpiada/obedinennaya-mezhvuzovskaya-41
83,Университетская олимпиада школьников «Бельчонок»,2,информатика (II); математика (III); физика (III); химия (II),"Информатика и программирование, Математика, Физика, Химия",25,14,30,https://codolymp.ru/postuplenie/olimpiada/universitetskaya-belchonok-83
2,«Формула Единства»/«Третье тысячелетие»,2,математика (II),Математика,25,13,29,https://codolymp.ru/postuplenie/olimpiada/formula-edinstva-trete-tysyacheletie-2
31,Межрегиональная олимпиада школьников имени И.Я. Верченко,2,компьютерная безопасность (II); математика (II),"Информатика и программирование, Математика",25,14,29,https://codolymp.ru/postuplenie/olimpiada/mezhregionalnaya-ya-verchenko-31
57,Олимпиада школьников по программированию «ТехноКубок»,2,информатика (II),Информатика и программирование,25,13,29,https://codolymp.ru/postuplenie/olimpiada/programmirovaniyu-tehnokubok-57
29,Межрегиональная олимпиада школьников «Будущие исследователи - будущее науки»,2,биология (II); история (II); математика (III); русский язык (II); физика (III); химия (II),"Биология и медицина, История, Математика, Языки, Физика, Химия",25,14,27,https://codolymp.ru/postuplenie/olimpiada/mezhregionalnaya-buduschie-issledovateli-buduschee-nauki-29
61,Олимпиада Юношеской математической школы,2,математика (II),Математика,24,13,29,https://codolymp.ru/postuplenie/olimpiada/yunosheskoy-matematicheskoy-shkoly-61
17,Городская открытая олимпиада школьников по физике,2,физика (II),Физика,24,11,26,https://codolymp.ru/postuplenie/olimpiada/gorodskaya-fizike-17
48,Олимпиада РГГУ для школьников,1,иностранный язык (II); история (II); литература (I); обществознание (II); русский язык (II),"Языки, История, Литература, Обществознание и право",23,16,28,https://codolymp.ru/postuplenie/olimpiada/rggu-48
26,Международная олимпиада школьников Уральского федерального университета «Изумруд»,3,информатика (III); история (III); математика (III); обществознание (III); русский язык (III); физика (III); химия (III),"Информатика и программирование, История, Математика, Обществознание и право, Языки, Физика, Химия",23,14,27,https://codolymp.ru/postuplenie/olimpiada/mezhdunarodnaya-uralskogo-federalnogo-universiteta-izumrud-26
66,Открытая олимпиада школьников по программированию «Когнитивные технологии»,2,информатика (II),Информатика и программирование,23,13,27,https://codolymp.ru/postuplenie/olimpiada/programmirovaniyu-kognitivnye-tehnologii-66
32,Межрегиональная олимпиада школьников на базе ведомственных образовательных организаций,2,иностранный язык (II); физика (III),"Языки, Физика",23,12,26,https://codolymp.ru/postuplenie/olimpiada/mezhregionalnaya-baze-vedomstvennyh-obrazovatelnyh-organizaciy-32
19,Интернет-олимпиада школьников по физике,2,физика (II),Физика,23,10,25,https://codolymp.ru/postuplenie/olimpiada/internet-fizike-19
62,Открытая межвузовская олимпиада школьников Сибирского федерального округа «Будущее Сибири»,2,физика (II); химия (II),"Физика, Химия",23,10,25,https://codolymp.ru/postuplenie/olimpiada/mezhvuzovskaya-sibirskogo-federalnogo-okruga-buduschee-62
7,Всероссийская олимпиада по искусственному интеллекту (с возможностью участия иностранных обучающихся),2,искусственный интеллект (II),Информатика и программирование,22,12,26,https://codolymp.ru/postuplenie/olimpiada/iskusstvennomu-intellektu-vozmozhnostyu-uchastiya-inostrannyh-7
72,Плехановская олимпиада школьников,2,иностранный язык (II); экономика (III); русский язык (II),"Языки, Экономика и финансы, Обществознание и право",22,15,26,https://codolymp.ru/postuplenie/olimpiada/plehanovskaya-72
5,Всероссийская междисциплинарная олимпиада школьников 8-11 классов «Национальная технологическая олимпиада»,2,"геномное редактирование (III); инфохимия (III); космические системы: анализ космических снимков и геопространственных данных, спутниковые системы (II); беспилотный транспорт: аэрокосмические системы, беспилотные авиационные системы, водные робототехнические системы, летающая робототехника (II); нейротехнологии и когнитивные науки (III); информационная безопасность (III); виртуальные миры: разработка компьютерных игр, технологии виртуальной реальности, технологии дополненной реальности, цифровые технологии в архитектуре (III); технологии беспроводной связи (III); умные системы и технологии: умный город, цифровые сенсорные системы (III); интеллектуальные робототехнические системы (III); искусственный интеллект (III); разработка мобильных приложений (III); автоматизация бизнес-процессов (II); программная инженерия в финансовых технологиях (III); большие данные и машинное обучение (III); интеллектуальные энергетические системы (III); автономные транспортные системы (II); квантовый инжиниринг (III); инженерные биологические системы (II); ядерные технологии (II); наносистемы и химический инжиниринг (III)","Биология и медицина, Инженерия и техника, Химия, Информатика и программирование, Физика, Науки о Земле, Искусство и дизайн, Математика, Прочее, Экономика и финансы, Языки",22,12,25,https://codolymp.ru/postuplenie/olimpiada/mezhdisciplinarnaya-8-11-klassov-nacionalnaya-5
13,Всероссийский конкурс научных работ школьников «Юниор»,2,естественные науки (III); инженерные науки (II),"Науки о Земле, Биология и медицина, Физика, Инженерия и техника",22,11,25,https://codolymp.ru/postuplenie/olimpiada/vserossiyskiy-konkurs-nauchnyh-rabot-yunior-13
23,Международная олимпиада по финансовой безопасности,1,финансовая безопасность (I),"Экономика и финансы, Информатика и программирование, Обществознание и право",22,12,24,https://codolymp.ru/postuplenie/olimpiada/mezhdunarodnaya-finansovoy-bezopasnosti-23
53,Олимпиада школьников «Робофест»,2,физика (II),Физика,22,10,24,https://codolymp.ru/postuplenie/olimpiada/robofest-53
4,Всероссийская академическая олимпиада школьников имени В.И. Вернадского,1,гуманитарные и социальные науки (I); экономика (I),"История, Обществознание и право, Экономика и финансы",21,11,24,https://codolymp.ru/postuplenie/olimpiada/akademicheskaya-vernadskogo-4
12,Всероссийская Толстовская олимпиада школьников,3,история (III); литература (III); право (III); обществознание (III),"История, Литература, Обществознание и право",20,15,26,https://codolymp.ru/postuplenie/olimpiada/tolstovskaya-12
58,Олимпиада школьников Российской академии народного хозяйства и государственной службы при Президенте Российской Федерации,2,иностранный язык (III); история (II); обществознание (II); политология (III); журналистика (II); финансовая грамотность (III); экономика (III),"Языки, История, Обществознание и право, Литература, Экономика и финансы",20,17,26,https://codolymp.ru/postuplenie/olimpiada/rossiyskoy-akademii-narodnogo-hozyaystva-gosudarstvennoy-58
49,Олимпиада школьников «Гранит науки»,2,информатика (II); естественные науки (III); химия (III),"Информатика и программирование, Науки о Земле, Инженерия и техника, Физика, Химия",20,12,25,https://codolymp.ru/postuplenie/olimpiada/granit-nauki-49
69,Отраслевая олимпиада школьников «Газпром»,3,информационные и коммуникационные технологии (III); инженерное дело (III),"Инженерия и техника, Информатика и программирование, Физика",20,12,24,https://codolymp.ru/postuplenie/olimpiada/otraslevaya-gazprom-69
35,Многопредметная олимпиада «Юные таланты»,1,география (I); геология (III); химия (I),"Науки о Земле, Химия",20,6,22,https://codolymp.ru/postuplenie/olimpiada/mnogopredmetnaya-yunye-talanty-35
42,Океан знаний,3,обществознание (III); русский язык (III),"Обществознание и право, Языки",19,14,25,https://codolymp.ru/postuplenie/olimpiada/okean-znaniy-42
67,Открытая региональная межвузовская олимпиада школьников (ОРМО) с международным участием,2,география (III); история (III); литература (II); русский язык (II); физика (III); химия (III),"Науки о Земле, История, Литература, Языки, Физика, Химия",19,13,23,https://codolymp.ru/postuplenie/olimpiada/regionalnaya-mezhvuzovskaya-ormo-mezhdunarodnym-uchastiem-67
36,Многопрофильная инженерная олимпиада «Звезда»,1,естественные науки (II); техника и технологии (I),"Инженерия и техника, Информатика и программирование, Физика, Химия, Биология и медицина, Науки о Земле",19,10,22,https://codolymp.ru/postuplenie/olimpiada/mnogoprofilnaya-inzhenernaya-zvezda-36
51,Олимпиада школьников «Надежда энергетики»,3,физика (III),Физика,19,10,22,https://codolymp.ru/postuplenie/olimpiada/nadezhda-energetiki-51
47,Олимпиада по экономике в рамках международного экономического фестиваля школьников «Сибириада. Шаг в мечту»,2,экономика (II),Экономика и финансы,19,10,21,https://codolymp.ru/postuplenie/olimpiada/ekonomike-ramkah-mezhdunarodnogo-ekonomicheskogo-festivalya-47
79,Твой путь в настоящую науку,2,физика (II),Физика,19,9,21,https://codolymp.ru/postuplenie/olimpiada/tvoy-put-nastoyaschuyu-nauku-79
20,Кутафинская олимпиада школьников по праву,1,право (I),Обществознание и право,19,8,19,https://codolymp.ru/postuplenie/olimpiada/kutafinskaya-pravu-20
9,Всероссийская олимпиада школьников «Миссия выполнима. Твое призвание - финансист!»,2,иностранный язык (III); история (III); обществознание (III); финансовая грамотность (II); экономика (II),"Языки, История, Обществознание и право, Экономика и финансы",18,15,25,https://codolymp.ru/postuplenie/olimpiada/missiya-vypolnima-tvoe-prizvanie-finansist-9
16,Герценовская олимпиада школьников,2,география (II); иностранный язык (II),"Науки о Земле, Языки",18,10,23,https://codolymp.ru/postuplenie/olimpiada/gercenovskaya-16
27,Межрегиональная олимпиада по праву «ФЕМИДА»,2,право (II),Обществознание и право,18,11,23,https://codolymp.ru/postuplenie/olimpiada/mezhregionalnaya-pravu-femida-27
24,Международная олимпиада школьников «Евразийская лингвистическая олимпиада»,2,иностранный язык (II),Языки,18,10,22,https://codolymp.ru/postuplenie/olimpiada/mezhdunarodnaya-evraziyskaya-lingvisticheskaya-24
74,Санкт-Петербургская астрономическая олимпиада,1,астрономия (I),Физика,18,5,19,https://codolymp.ru/postuplenie/olimpiada/sankt-peterburgskaya-astronomicheskaya-74
44,Олимпиада МГИМО МИД России для школьников,2,гуманитарные и социальные науки (II),"История, Обществознание и право",17,13,23,https://codolymp.ru/postuplenie/olimpiada/mgimo-mid-rossii-44
73,Региональный конкурс школьников Челябинского университетского образовательного округа,3,иностранный язык (III); обществознание (III),"Языки, Обществознание и право",17,13,22,https://codolymp.ru/postuplenie/olimpiada/regionalnyy-konkurs-chelyabinskogo-universitetskogo-obrazovatelnogo-73
11,Всероссийская Сеченовская олимпиада школьников,2,биология (II); химия (II),"Биология и медицина, Химия",17,6,19,https://codolymp.ru/postuplenie/olimpiada/sechenovskaya-11
39,Оборонно-техническая олимпиада,3,техника и технологии (III),"Инженерия и техника, Информатика и программирование, Физика",16,8,18,https://codolymp.ru/postuplenie/olimpiada/oboronno-tehnicheskaya-39
1,"«Финатлон для старшеклассников» - Всероссийская олимпиада по финансовой грамотности, устойчивому развитию и защите прав потребителей финансовых услуг",3,финансовая грамотность (III),"Экономика и финансы, Обществознание и право",15,12,20,https://codolymp.ru/postuplenie/olimpiada/finatlon-starsheklassnikov-finansovoy-gramotnosti-ustoychivomu-1
68,Открытая химическая олимпиада,3,химия (III),Химия,15,5,17,https://codolymp.ru/postuplenie/olimpiada/himicheskaya-68
71,Пироговская олимпиада для школьников по химии и биологии,3,биология (III); химия (III),"Биология и медицина, Химия",14,5,16,https://codolymp.ru/postuplenie/olimpiada/pirogovskaya-himii-biologii-71
60,Олимпиада школьников федерального государственного бюджетного образовательного учреждения высшего образования «Всероссийский государственный университет юстиции (РПА Минюста России)» «В мир права»,2,право (II),Обществознание и право,13,8,16,https://codolymp.ru/postuplenie/olimpiada/federalnogo-gosudarstvennogo-byudzhetnogo-obrazovatelnogo-uchrezhdeniya-60
33,Межрегиональная химическая олимпиада школьников имени академика П.Д. Саркисова,3,химия (III),Химия,13,5,15,https://codolymp.ru/postuplenie/olimpiada/mezhregionalnaya-himicheskaya-akademika-p-d-33
46,Олимпиада по химии и химической технологии «Потомки Менделеева»,2,химия (II),Химия,13,4,14,https://codolymp.ru/postuplenie/olimpiada/himii-himicheskoy-tehnologii-potomki-mendeleeva-46
80,Телевизионная гуманитарная олимпиада школьников «Умницы и умники»,1,гуманитарные и социальные науки (I),"Литература, Обществознание и право",13,6,14,https://codolymp.ru/postuplenie/olimpiada/televizionnaya-gumanitarnaya-umnicy-umniki-80
10,Всероссийская олимпиада школьников «Юридические высоты!»,2,право (II),Обществознание и право,12,7,15,https://codolymp.ru/postuplenie/olimpiada/yuridicheskie-vysoty-10
6,Всероссийская олимпиада по агрогенетике для школьников старших классов «Иннагрика»,1,аграрная генетика (I),Биология и медицина,11,4,13,https://codolymp.ru/postuplenie/olimpiada/agrogenetike-starshih-klassov-innagrika-6
40,Общероссийская олимпиада школьников «Основы православной культуры»,3,основы православной культуры (III),"Обществознание и право, История",9,8,13,https://codolymp.ru/postuplenie/olimpiada/obscherossiyskaya-osnovy-pravoslavnoy-kultury-40
76,Северо-Восточная олимпиада школьников,3,родные языки (III); филология (III),"Прочее, Языки, Литература",9,6,12,https://codolymp.ru/postuplenie/olimpiada/severo-vostochnaya-76
63,Открытая олимпиада Северо-Кавказского федерального университета среди учащихся образовательных организаций «45 параллель»,2,география (II),Науки о Земле,8,3,11,https://codolymp.ru/postuplenie/olimpiada/severo-kavkazskogo-federalnogo-universiteta-sredi-63
38,Московская открытая олимпиада школьников по геологии,1,геология (I),Науки о Земле,8,0,8,https://codolymp.ru/postuplenie/olimpiada/moskovskaya-geologii-38
25,Международная олимпиада школьников «Искусство графики»,1,рисунок (I); графический дизайн (I),Искусство и дизайн,4,1,5,https://codolymp.ru/postuplenie/olimpiada/mezhdunarodnaya-iskusstvo-grafiki-25
45,Олимпиада по комплексу предметов «Культура и искусство»,1,"технический рисунок и декоративная композиция (I); академический рисунок, живопись, композиция, история искусства и культуры (I)",Искусство и дизайн,4,1,5,https://codolymp.ru/postuplenie/olimpiada/kompleksu-predmetov-kultura-iskusstvo-45
78,Строгановская олимпиада,1,"рисунок, живопись, скульптура, дизайн (I)",Искусство и дизайн,4,1,5,https://codolymp.ru/postuplenie/olimpiada/stroganovskaya-78
3,"XVIII Южно-Российская межрегиональная олимпиада школьников «Архитектура и искусство» по комплексу предметов (рисунок, живопись, композиция, черчение)",1,"рисунок, живопись, композиция, черчение (I)",Искусство и дизайн,3,1,4,https://codolymp.ru/postuplenie/olimpiada/xviii-yuzhno-rossiyskaya-mezhregionalnaya-arhitektura-3
30,Межрегиональная олимпиада школьников имени В.Е. Татлина,1,рисунок (I); композиция (I); графика (I),"Искусство и дизайн, Инженерия и техника",3,1,4,https://codolymp.ru/postuplenie/olimpiada/mezhregionalnaya-e-tatlina-30
77,Сибирская межрегиональная олимпиада школьников «Архитектурно-дизайнерское творчество»,3,"архитектура, изобразительные и прикладные виды искусств (III)","Инженерия и техника, Искусство и дизайн",3,0,3,https://codolymp.ru/postuplenie/olimpiada/sibirskaya-mezhregionalnaya-arhitekturno-dizaynerskoe-tvorchestvo-77
28,"Межрегиональная олимпиада школьников «Архитектура и искусство» по комплексу предметов (рисунок, композиция)",1,искусство (I),Искусство и дизайн,2,1,3,https://codolymp.ru/postuplenie/olimpiada/mezhregionalnaya-arhitektura-iskusstvo-kompleksu-predmetov-28
21,Международная музыкальная олимпиада,2,теория и история музыки (III); деревянные духовые инструменты (III); инструменты народного оркестра (II); музыкальная педагогика и исполнительство (III); струнные инструменты (III); фортепиано (III); хоровое дирижирование (III),Искусство и дизайн,1,0,1,https://codolymp.ru/postuplenie/bvi-po-olimpiadam
