n,order_n,name,slug,profile,level,subjects,subject_slugs
3,1,"XIX Южно-Российская межрегиональная олимпиада школьников «Архитектура и искусство» по комплексу предметов (рисунок, живопись, композиция, черчение)",perechen-3,"рисунок, живопись, композиция, черчение",1,"архитектура, изобразительное и прикладные виды искусств",iskusstvo;inzheneriya
4,2,Всероссийская академическая олимпиада школьников имени В.И. Вернадского,perechen-4,гуманитарные и социальные науки,1,"история, обществознание",istoriya;obshchestvo
4,2,Всероссийская академическая олимпиада школьников имени В.И. Вернадского,perechen-4,экономика,1,экономика,ekonomika
5,3,Всероссийская междисциплинарная олимпиада школьников 8–11 классов «Национальная технологическая олимпиада»,perechen-5,инфохимия,3,информатика и вычислительная техника,himiya;informatika
5,3,Всероссийская междисциплинарная олимпиада школьников 8–11 классов «Национальная технологическая олимпиада»,perechen-5,летающая робототехника,3,"информатика и вычислительная техника, фотоника, приборостроение, оптические и биотехнические системы и технологии, машиностроение, техника и технологии наземного транспорта, авиационная и ракетно-космическая техника, аэронавигация и эксплуатация авиационной и ракетно-космической техники, управление в технических системах",inzheneriya;informatika;fizika
5,3,Всероссийская междисциплинарная олимпиада школьников 8–11 классов «Национальная технологическая олимпиада»,perechen-5,беспилотные авиационные системы,3,"информатика и вычислительная техника, электроника, радиотехника и системы связи, фотоника, приборостроение, оптические и биотехнические системы и технологии, авиационная и ракетно-космическая техника, аэронавигация и эксплуатация авиационной и ракетно-космической техники, управление в технических системах",inzheneriya;informatika;fizika
5,3,Всероссийская междисциплинарная олимпиада школьников 8–11 классов «Национальная технологическая олимпиада»,perechen-5,информационная безопасность,3,"компьютерные и информационные науки, информатика и вычислительная техника, информационная безопасность",informatika
5,3,Всероссийская междисциплинарная олимпиада школьников 8–11 классов «Национальная технологическая олимпиада»,perechen-5,"виртуальная реальность: разработка компьютерных игр, технологии виртуальной реальности, технологии дополненной реальности",3,"компьютерные и информационные науки, информатика и вычислительная техника, информационная безопасность",informatika;inzheneriya
5,3,Всероссийская междисциплинарная олимпиада школьников 8–11 классов «Национальная технологическая олимпиада»,perechen-5,разработка мобильных приложений,3,"компьютерные и информационные науки, информатика и вычислительная техника, информационная безопасность",informatika
5,3,Всероссийская междисциплинарная олимпиада школьников 8–11 классов «Национальная технологическая олимпиада»,perechen-5,технологии беспроводной связи,2,"компьютерные и информационные науки, информатика и вычислительная техника, информационная безопасность, электроника, радиотехника и системы связи, управление в технических системах",inzheneriya;informatika
5,3,Всероссийская междисциплинарная олимпиада школьников 8–11 классов «Национальная технологическая олимпиада»,perechen-5,интеллектуальные робототехнические системы,2,"компьютерные и информационные науки, информатика и вычислительная техника, информационная безопасность, электроника, радиотехника и системы связи, фотоника, приборостроение, оптические и биотехнические системы и технологии, электро- и теплоэнергетика, машиностроение, авиационная и ракетно-космическая техника, управление в технических системах",inzheneriya;informatika;fizika
5,3,Всероссийская междисциплинарная олимпиада школьников 8–11 классов «Национальная технологическая олимпиада»,perechen-5,большие данные и машинное обучение,3,"компьютерные и информационные науки, информатика и вычислительная техника, информационная безопасность, электроника, радиотехника и системы связи, фотоника, приборостроение, оптические и биотехнические системы и технологии, электро- и теплоэнергетика, машиностроение, авиационная и ракетно-космическая техника, управление в технических системах, языкознание и литературоведение",informatika;inzheneriya;fizika;yazyki
5,3,Всероссийская междисциплинарная олимпиада школьников 8–11 классов «Национальная технологическая олимпиада»,perechen-5,автономные транспортные системы,2,"компьютерные и информационные науки, информатика и вычислительная техника, электроника, радиотехника и системы связи, машиностроение, техника и технологии наземного транспорта, авиационная и ракетно-космическая техника, аэронавигация и эксплуатация авиационной и ракетно-космической техники, управление в технических системах",inzheneriya;informatika
5,3,Всероссийская междисциплинарная олимпиада школьников 8–11 классов «Национальная технологическая олимпиада»,perechen-5,искусственный интеллект,2,"математика и механика, компьютерные и информационные науки, информатика и вычислительная техника, информационная безопасность",informatika;matematika
5,3,Всероссийская междисциплинарная олимпиада школьников 8–11 классов «Национальная технологическая олимпиада»,perechen-5,автоматизация бизнес-процессов,2,"математика и механика, компьютерные и информационные науки, информатика и вычислительная техника, информационная безопасность, электроника, радиотехника и системы связи, управление в технических системах, экономика и управление",inzheneriya;matematika;informatika;ekonomika
5,3,Всероссийская междисциплинарная олимпиада школьников 8–11 классов «Национальная технологическая олимпиада»,perechen-5,программная инженерия в финансовых технологиях,3,"математика и механика, компьютерные и информационные науки, информатика и вычислительная техника, информационная безопасность, электроника, радиотехника и системы связи, фотоника, приборостроение, оптические и биотехнические системы и технологии, электро- и теплоэнергетика, машиностроение, авиационная и ракетно-космическая техника, управление в технических системах",informatika;matematika;inzheneriya;fizika
5,3,Всероссийская междисциплинарная олимпиада школьников 8–11 классов «Национальная технологическая олимпиада»,perechen-5,интеллектуальные энергетические системы,3,"математика и механика, компьютерные и информационные науки, информатика и вычислительная техника, информационная безопасность, электроника, радиотехника и системы связи, электро- и теплоэнергетика, управление в технических системах, экономика и управление",matematika;informatika;inzheneriya;ekonomika
5,3,Всероссийская междисциплинарная олимпиада школьников 8–11 классов «Национальная технологическая олимпиада»,perechen-5,инженерные биологические системы,3,"науки о Земле, биологические науки, фотоника, приборостроение, оптические и биотехнические системы и технологии, электро- и теплоэнергетика, промышленная экология и биотехнологии, техносферная безопасность и природообустройство, сельское, лесное и рыбное хозяйство",biologiya;nauki-o-zemle;fizika;inzheneriya
5,3,Всероссийская междисциплинарная олимпиада школьников 8–11 классов «Национальная технологическая олимпиада»,perechen-5,анализ космических снимков и геопространственных данных,2,"науки о Земле, информатика и вычислительная техника, техносферная безопасность и природообустройство",nauki-o-zemle;informatika;inzheneriya
5,3,Всероссийская междисциплинарная олимпиада школьников 8–11 классов «Национальная технологическая олимпиада»,perechen-5,квантовый инжиниринг,3,"фотоника, приборостроение, оптические и биотехнические системы и технологии",fizika;inzheneriya
5,3,Всероссийская междисциплинарная олимпиада школьников 8–11 классов «Национальная технологическая олимпиада»,perechen-5,ядерные технологии,2,"фотоника, приборостроение, оптические и биотехнические системы и технологии, ядерная энергетика и технологии, машиностроение, управление в технических системах",fizika;inzheneriya
5,3,Всероссийская междисциплинарная олимпиада школьников 8–11 классов «Национальная технологическая олимпиада»,perechen-5,геномное редактирование,3,"химия, биологические науки, химические технологии, промышленная экология и биотехнологии, техносферная безопасность и природообустройство, сельское, лесное и рыбное хозяйство, ветеринария и зоотехния",himiya;biologiya;inzheneriya
5,3,Всероссийская междисциплинарная олимпиада школьников 8–11 классов «Национальная технологическая олимпиада»,perechen-5,спутниковые и аэрокосмические системы,3,"электроника, радиотехника и системы связи, управление в технических системах",inzheneriya
5,3,Всероссийская междисциплинарная олимпиада школьников 8–11 классов «Национальная технологическая олимпиада»,perechen-5,наносистемы и химический инжиниринг,3,"электроника, радиотехника и системы связи, фотоника, приборостроение, оптические и биотехнические системы и технологии, машиностроение, промышленная экология и биотехнологии, техносферная безопасность и природообустройство, технологии материалов, управление в технических системах, нанотехнологии и наноматериалы",himiya;inzheneriya;fizika;biologiya
6,4,Всероссийская олимпиада по агрогенетике «Иннагрика»,perechen-6,аграрная генетика,1,биология,biologiya
7,5,Всероссийская олимпиада по искусственному интеллекту (с возможностью участия иностранных обучающихся),perechen-7,искусственный интеллект,2,информатика,informatika
8,6,Всероссийская олимпиада школьников «Высшая проба»,perechen-8,биология,2,биология,biologiya
8,6,Всероссийская олимпиада школьников «Высшая проба»,perechen-8,востоковедение,2,востоковедение и африканистика,obshchestvo
8,6,Всероссийская олимпиада школьников «Высшая проба»,perechen-8,дизайн,1,изобразительное и прикладные виды искусств,iskusstvo
8,6,Всероссийская олимпиада школьников «Высшая проба»,perechen-8,восточные языки,2,иностранный язык,yazyki
8,6,Всероссийская олимпиада школьников «Высшая проба»,perechen-8,иностранный язык,1,иностранный язык,yazyki
8,6,Всероссийская олимпиада школьников «Высшая проба»,perechen-8,информатика,1,информатика,informatika
8,6,Всероссийская олимпиада школьников «Высшая проба»,perechen-8,инженерные науки,2,"информационная безопасность, информатика и вычислительная техника",informatika
8,6,Всероссийская олимпиада школьников «Высшая проба»,perechen-8,история искусств,2,искусствознание,iskusstvo
8,6,Всероссийская олимпиада школьников «Высшая проба»,perechen-8,история,1,история,istoriya
8,6,Всероссийская олимпиада школьников «Высшая проба»,perechen-8,промышленное программирование,2,"компьютерные и информационные науки, информатика и вычислительная техника",informatika
8,6,Всероссийская олимпиада школьников «Высшая проба»,perechen-8,культурология,1,культуроведение и социокультурные проекты,iskusstvo
8,6,Всероссийская олимпиада школьников «Высшая проба»,perechen-8,математика,1,математика,matematika
8,6,Всероссийская олимпиада школьников «Высшая проба»,perechen-8,обществознание,1,обществознание,obshchestvo
8,6,Всероссийская олимпиада школьников «Высшая проба»,perechen-8,международные отношения,2,политические науки и регионоведение,obshchestvo
8,6,Всероссийская олимпиада школьников «Высшая проба»,perechen-8,право,1,право,obshchestvo
8,6,Всероссийская олимпиада школьников «Высшая проба»,perechen-8,психология,2,психологические науки,obshchestvo
8,6,Всероссийская олимпиада школьников «Высшая проба»,perechen-8,русский язык,1,русский язык,yazyki
8,6,Всероссийская олимпиада школьников «Высшая проба»,perechen-8,социология,1,социология и социальная работа,obshchestvo
8,6,Всероссийская олимпиада школьников «Высшая проба»,perechen-8,журналистика,1,средства массовой информации и информационно-библиотечное дело,literatura
8,6,Всероссийская олимпиада школьников «Высшая проба»,perechen-8,философия,2,"философия, этика и религиоведение",obshchestvo
8,6,Всероссийская олимпиада школьников «Высшая проба»,perechen-8,химия,1,химия,himiya
8,6,Всероссийская олимпиада школьников «Высшая проба»,perechen-8,финансовая грамотность,1,экономика,ekonomika
8,6,Всероссийская олимпиада школьников «Высшая проба»,perechen-8,экономика,1,экономика,ekonomika
8,6,Всероссийская олимпиада школьников «Высшая проба»,perechen-8,основы бизнеса,2,экономика и управление,ekonomika
8,6,Всероссийская олимпиада школьников «Высшая проба»,perechen-8,филология,1,"языкознание и литературоведение, литература",yazyki;literatura
9,7,Всероссийская олимпиада школьников «Миссия выполнима Твое призвание - финансист!»,perechen-9,иностранный язык,3,иностранный язык,yazyki
9,7,Всероссийская олимпиада школьников «Миссия выполнима Твое призвание - финансист!»,perechen-9,история,3,история,istoriya
9,7,Всероссийская олимпиада школьников «Миссия выполнима Твое призвание - финансист!»,perechen-9,обществознание,3,обществознание,obshchestvo
9,7,Всероссийская олимпиада школьников «Миссия выполнима Твое призвание - финансист!»,perechen-9,финансовая грамотность,2,экономика,ekonomika
9,7,Всероссийская олимпиада школьников «Миссия выполнима Твое призвание - финансист!»,perechen-9,экономика,2,экономика,ekonomika
10,8,Всероссийская олимпиада школьников «Юридические высоты!»,perechen-10,право,2,юриспруденция,obshchestvo
11,9,Всероссийская Сеченовская олимпиада школьников,perechen-11,биология,2,биология,biologiya
11,9,Всероссийская Сеченовская олимпиада школьников,perechen-11,химия,2,химия,himiya
12,10,Всероссийская Толстовская олимпиада,perechen-12,история,3,история,istoriya
12,10,Всероссийская Толстовская олимпиада,perechen-12,литература,3,литература,literatura
12,10,Всероссийская Толстовская олимпиада,perechen-12,обществознание,3,обществознание,obshchestvo
12,10,Всероссийская Толстовская олимпиада,perechen-12,право,3,обществознание,obshchestvo
14,11,Всесибирская открытая олимпиада школьников,perechen-14,биология,2,биология,biologiya
14,11,Всесибирская открытая олимпиада школьников,perechen-14,информатика,1,информатика,informatika
14,11,Всесибирская открытая олимпиада школьников,perechen-14,математика,2,математика,matematika
14,11,Всесибирская открытая олимпиада школьников,perechen-14,физика,2,физика,fizika
14,11,Всесибирская открытая олимпиада школьников,perechen-14,химия,1,химия,himiya
16,12,Герценовская олимпиада школьников,perechen-16,география,2,география,nauki-o-zemle
16,12,Герценовская олимпиада школьников,perechen-16,иностранный язык,2,иностранный язык,yazyki
16,12,Герценовская олимпиада школьников,perechen-16,образование и педагогика,3,"физика, химия, математика, русский язык, обществознание, история, информатика, география, биология",fizika;himiya;matematika;yazyki;obshchestvo;istoriya;informatika;nauki-o-zemle;biologiya
18,13,Инженерная олимпиада школьников,perechen-18,физика,1,физика,fizika
19,14,Интернет-олимпиада школьников по физике,perechen-19,физика,2,физика,fizika
20,15,Кутафинская олимпиада школьников по праву,perechen-20,право,1,право,obshchestvo
22,16,Международная олимпиада Иннополиса,perechen-22,информатика,2,информатика,informatika
22,16,Международная олимпиада Иннополиса,perechen-22,информационная безопасность,2,информатика,informatika
22,16,Международная олимпиада Иннополиса,perechen-22,искусственный интеллект,3,информатика,informatika
22,16,Международная олимпиада Иннополиса,perechen-22,робототехника,3,информатика,inzheneriya;informatika
22,16,Международная олимпиада Иннополиса,perechen-22,математика,2,математика,matematika
23,17,Международная олимпиада по финансовой безопасности,perechen-23,финансовая безопасность,1,"информатика, обществознание, информационная безопасность, международные отношения",ekonomika;informatika;obshchestvo
24,18,Международная олимпиада школьников «Евразийская лингвистическая олимпиада»,perechen-24,иностранный язык,2,иностранный язык,yazyki
26,19,Международная олимпиада школьников Уральского федерального университета «Изумруд»,perechen-26,информатика,2,информатика,informatika
26,19,Международная олимпиада школьников Уральского федерального университета «Изумруд»,perechen-26,история,3,история,istoriya
26,19,Международная олимпиада школьников Уральского федерального университета «Изумруд»,perechen-26,математика,3,математика,matematika
26,19,Международная олимпиада школьников Уральского федерального университета «Изумруд»,perechen-26,обществознание,3,обществознание,obshchestvo
26,19,Международная олимпиада школьников Уральского федерального университета «Изумруд»,perechen-26,русский язык,3,русский язык,yazyki
26,19,Международная олимпиада школьников Уральского федерального университета «Изумруд»,perechen-26,химия,3,химия,himiya
29,20,Межрегиональная олимпиада школьников «Будущие исследователи - будущее науки»,perechen-29,биология,2,биология,biologiya
29,20,Межрегиональная олимпиада школьников «Будущие исследователи - будущее науки»,perechen-29,история,2,история,istoriya
29,20,Межрегиональная олимпиада школьников «Будущие исследователи - будущее науки»,perechen-29,математика,3,математика,matematika
29,20,Межрегиональная олимпиада школьников «Будущие исследователи - будущее науки»,perechen-29,русский язык,3,русский язык,yazyki
29,20,Межрегиональная олимпиада школьников «Будущие исследователи - будущее науки»,perechen-29,физика,3,физика,fizika
29,20,Межрегиональная олимпиада школьников «Будущие исследователи - будущее науки»,perechen-29,химия,2,химия,himiya
31,21,Межрегиональная олимпиада школьников имени И.Я. Верченко,perechen-31,компьютерная безопасность,2,"информационная безопасность, информатика",informatika
31,21,Межрегиональная олимпиада школьников имени И.Я. Верченко,perechen-31,математика и криптография,2,математика,matematika
32,22,Межрегиональная олимпиада школьников на базе ведомственных образовательных организаций,perechen-32,биология,3,биология,biologiya
32,22,Межрегиональная олимпиада школьников на базе ведомственных образовательных организаций,perechen-32,иностранный язык,2,иностранный язык,yazyki
32,22,Межрегиональная олимпиада школьников на базе ведомственных образовательных организаций,perechen-32,обществознание,3,обществознание,obshchestvo
32,22,Межрегиональная олимпиада школьников на базе ведомственных образовательных организаций,perechen-32,русский язык,3,русский язык,yazyki
32,22,Межрегиональная олимпиада школьников на базе ведомственных образовательных организаций,perechen-32,физика,3,физика,fizika
34,23,Межрегиональные предметные олимпиады федерального государственного автономного образовательного учреждения высшего образования «Казанский (Приволжский) федеральный университет»,perechen-34,биология,3,биология,biologiya
34,23,Межрегиональные предметные олимпиады федерального государственного автономного образовательного учреждения высшего образования «Казанский (Приволжский) федеральный университет»,perechen-34,дизайн,1,изобразительное и прикладные виды искусств,iskusstvo
34,23,Межрегиональные предметные олимпиады федерального государственного автономного образовательного учреждения высшего образования «Казанский (Приволжский) федеральный университет»,perechen-34,иностранный язык,2,иностранный язык,yazyki
34,23,Межрегиональные предметные олимпиады федерального государственного автономного образовательного учреждения высшего образования «Казанский (Приволжский) федеральный университет»,perechen-34,история,3,история,istoriya
34,23,Межрегиональные предметные олимпиады федерального государственного автономного образовательного учреждения высшего образования «Казанский (Приволжский) федеральный университет»,perechen-34,право,3,обществознание,obshchestvo
34,23,Межрегиональные предметные олимпиады федерального государственного автономного образовательного учреждения высшего образования «Казанский (Приволжский) федеральный университет»,perechen-34,русский язык,2,русский язык,yazyki
34,23,Межрегиональные предметные олимпиады федерального государственного автономного образовательного учреждения высшего образования «Казанский (Приволжский) федеральный университет»,perechen-34,физика,2,физика,fizika
34,23,Межрегиональные предметные олимпиады федерального государственного автономного образовательного учреждения высшего образования «Казанский (Приволжский) федеральный университет»,perechen-34,химия,1,химия,himiya
35,24,Многопредметная олимпиада «Юные таланты»,perechen-35,география,1,география,nauki-o-zemle
35,24,Многопредметная олимпиада «Юные таланты»,perechen-35,геология,3,науки о Земле,nauki-o-zemle
35,24,Многопредметная олимпиада «Юные таланты»,perechen-35,химия,1,химия,himiya
36,25,Многопрофильная инженерная олимпиада «Звезда»,perechen-36,естественные науки,2,"архитектура, техника и технологии строительства, информационная безопасность, электроника, радиотехника и системы связи, фотоника, приборостроение, электро- и теплоэнергетика, ядерная энергетика и технологии, машиностроение, оружие и системы вооружения, химические технологии, прикладная геология, горное дело, нефтегазовое дело и геодезия, технологии материалов, техника и технологии наземного транспорта, авиационная и ракетно-космическая техника, аэронавигация и эксплуатация авиационной и ракетно-космической техники, техника и технологии кораблестроения и водного транспорта, управление в технических системах, нанотехнологии и наноматериалы, технологии легкой промышленности",inzheneriya;informatika;fizika;himiya;nauki-o-zemle
36,25,Многопрофильная инженерная олимпиада «Звезда»,perechen-36,техника и технологии,1,"технологии материалов, машиностроение, фотоника, приборостроение, оптические и биотехнические системы и технологии, авиационная и ракетно-космическая техника, техника и технологии наземного транспорта, техника и технологии кораблестроения и водного транспорта, биотехнология, информационная безопасность, химические технологии",inzheneriya;fizika;informatika;himiya
37,26,Московская олимпиада школьников,perechen-37,астрономия,1,астрономия,fizika
37,26,Московская олимпиада школьников,perechen-37,генетика,2,биология,biologiya
37,26,Московская олимпиада школьников,perechen-37,география,1,география,nauki-o-zemle
37,26,Московская олимпиада школьников,perechen-37,лингвистика,1,иностранный язык,yazyki
37,26,Московская олимпиада школьников,perechen-37,информатика,1,информатика,informatika
37,26,Московская олимпиада школьников,perechen-37,предпрофессиональная,3,"информационная безопасность, информатика и вычислительная техника, машиностроение, промышленная экология и биотехнологии, техносферная безопасность и природообустройство, фотоника, приборостроение, оптические и биотехнические системы и технологии, электроника, радиотехника и системы связи, ядерная энергетика и технологии",informatika;inzheneriya;biologiya;fizika
37,26,Московская олимпиада школьников,perechen-37,изобразительное искусство,1,искусство,iskusstvo
37,26,Московская олимпиада школьников,perechen-37,история искусств,1,искусство,iskusstvo
37,26,Московская олимпиада школьников,perechen-37,история,2,история,istoriya
37,26,Московская олимпиада школьников,perechen-37,вероятность и статистика,2,математика,matematika
37,26,Московская олимпиада школьников,perechen-37,математика,1,математика,matematika
37,26,Московская олимпиада школьников,perechen-37,робототехника,2,"машиностроение, информатика и вычислительная техника",inzheneriya;informatika
37,26,Московская олимпиада школьников,perechen-37,экология,3,науки о Земле,biologiya;nauki-o-zemle
37,26,Московская олимпиада школьников,perechen-37,обществознание,2,обществознание,obshchestvo
37,26,Московская олимпиада школьников,perechen-37,право,3,право,obshchestvo
37,26,Московская олимпиада школьников,perechen-37,физика,1,физика,fizika
37,26,Московская олимпиада школьников,perechen-37,химия,1,химия,himiya
37,26,Московская олимпиада школьников,perechen-37,финансовая грамотность,3,экономика,ekonomika
37,26,Московская олимпиада школьников,perechen-37,экономика,3,экономика,ekonomika
38,27,Московская открытая олимпиада школьников по геологии,perechen-38,геология,1,"науки о Земле, прикладная геология, горное дело, нефтегазовое дело",nauki-o-zemle
40,28,Общероссийская олимпиада школьников «Основы православной культуры»,perechen-40,основы православной культуры,3,теология,obshchestvo
41,29,Объединенная межвузовская олимпиада школьников,perechen-41,математика,2,математика,matematika
41,29,Объединенная межвузовская олимпиада школьников,perechen-41,физика,3,физика,fizika
43,30,Олимпиада Курчатов,perechen-43,математика,2,математика,matematika
43,30,Олимпиада Курчатов,perechen-43,физика,2,физика,fizika
44,31,Олимпиада МГИМО МИД России для школьников,perechen-44,гуманитарные и социальные науки,2,"история, обществознание",istoriya;obshchestvo
45,32,Олимпиада по комплексу предметов «Культура и искусство»,perechen-45,технический рисунок и декоративная композиция,1,"декоративно-прикладное искусство и народные промыслы, технология художественной обработки материалов, искусство костюма и текстиля, конструирование изделий легкой промышленности, технологии и проектирование текстильных изделий, технология изделий легкой промышленности, информационные системы и технологии, технология полиграфического и упаковочного производства, прикладная информатика, профессиональное обучение (по отраслям)",iskusstvo
45,32,Олимпиада по комплексу предметов «Культура и искусство»,perechen-45,"академический рисунок, живопись, композиция, история искусства и культуры",1,"дизайн, графика, монументально-декоративное искусство, живопись, декоративно-прикладное искусство и народные промыслы, технология художественной обработки материалов, искусство костюма и текстиля, конструирование изделий легкой промышленности, технологии и проектирование текстильных изделий, технология изделий легкой промышленности, информационные системы и технологии, технология полиграфического и упаковочного производства, прикладная информатика, профессиональное обучение (по отраслям)",iskusstvo
48,33,Олимпиада РГГУ для школьников,perechen-48,иностранный язык,2,иностранный язык,yazyki
48,33,Олимпиада РГГУ для школьников,perechen-48,история,2,история,istoriya
48,33,Олимпиада РГГУ для школьников,perechen-48,литература,1,литература,literatura
48,33,Олимпиада РГГУ для школьников,perechen-48,обществознание,2,обществознание,obshchestvo
48,33,Олимпиада РГГУ для школьников,perechen-48,русский язык,2,русский язык,yazyki
49,34,Олимпиада школьников «Гранит науки»,perechen-49,информатика,2,информатика,informatika
49,34,Олимпиада школьников «Гранит науки»,perechen-49,естественные науки,3,"науки о Земле, электроника, радиотехника и системы связи, фотоника, приборостроение, оптические и биотехнические системы и технологии, электро- и теплоэнергетика, машиностроение, техносферная безопасность и природообустройство, прикладная геология, горное дело, нефтегазовое дело и геодезия, техника и технологии наземного транспорта",nauki-o-zemle;inzheneriya;fizika
50,35,Олимпиада школьников «Ломоносов»,perechen-50,генетика,2,биологические науки,biologiya
50,35,Олимпиада школьников «Ломоносов»,perechen-50,экология,2,"биологические науки, науки о Земле",biologiya;nauki-o-zemle
50,35,Олимпиада школьников «Ломоносов»,perechen-50,биология,1,биология,biologiya
50,35,Олимпиада школьников «Ломоносов»,perechen-50,география,1,география,nauki-o-zemle
50,35,Олимпиада школьников «Ломоносов»,perechen-50,геология,1,геология,nauki-o-zemle
50,35,Олимпиада школьников «Ломоносов»,perechen-50,иностранный язык,2,иностранный язык,yazyki
50,35,Олимпиада школьников «Ломоносов»,perechen-50,информатика,2,информатика,informatika
50,35,Олимпиада школьников «Ломоносов»,perechen-50,международные отношения и глобалистика,1,история,obshchestvo;istoriya
50,35,Олимпиада школьников «Ломоносов»,perechen-50,политология,2,история,obshchestvo;istoriya
50,35,Олимпиада школьников «Ломоносов»,perechen-50,история,1,история,istoriya
50,35,Олимпиада школьников «Ломоносов»,perechen-50,основы российской государственности,1,"история, обществознание",obshchestvo;istoriya
50,35,Олимпиада школьников «Ломоносов»,perechen-50,литература,1,литература,literatura
50,35,Олимпиада школьников «Ломоносов»,perechen-50,математика,1,математика,matematika
50,35,Олимпиада школьников «Ломоносов»,perechen-50,космонавтика,2,математика и механика,matematika
50,35,Олимпиада школьников «Ломоносов»,perechen-50,механика и математическое моделирование,2,математика и механика,matematika
50,35,Олимпиада школьников «Ломоносов»,perechen-50,робототехника,2,"машиностроение, компьютерные и информационные науки",inzheneriya;informatika
50,35,Олимпиада школьников «Ломоносов»,perechen-50,высокие технологии,2,нанотехнологии и наноматериалы,inzheneriya
50,35,Олимпиада школьников «Ломоносов»,perechen-50,обществознание,1,обществознание,obshchestvo
50,35,Олимпиада школьников «Ломоносов»,perechen-50,психология,1,психологические науки,obshchestvo
50,35,Олимпиада школьников «Ломоносов»,perechen-50,русский язык,1,русский язык,yazyki
50,35,Олимпиада школьников «Ломоносов»,perechen-50,журналистика,1,средства массовой информации и информационно-библиотечное дело,literatura
50,35,Олимпиада школьников «Ломоносов»,perechen-50,физика,1,физика,fizika
50,35,Олимпиада школьников «Ломоносов»,perechen-50,религиоведение,2,"философия, этика и религиоведение",obshchestvo
50,35,Олимпиада школьников «Ломоносов»,perechen-50,философия,1,"философия, этика и религиоведение",obshchestvo
50,35,Олимпиада школьников «Ломоносов»,perechen-50,фундаментальная медицина,2,"фундаментальная медицина, клиническая медицина, фармация",biologiya
50,35,Олимпиада школьников «Ломоносов»,perechen-50,химия,1,химия,himiya
50,35,Олимпиада школьников «Ломоносов»,perechen-50,право,1,юриспруденция,obshchestvo
51,36,Олимпиада школьников «Надежда энергетики»,perechen-51,физика,3,физика,fizika
52,37,Олимпиада школьников «Покори Воробьевы горы!»,perechen-52,география,2,география,nauki-o-zemle
52,37,Олимпиада школьников «Покори Воробьевы горы!»,perechen-52,иностранный язык,1,иностранный язык,yazyki
52,37,Олимпиада школьников «Покори Воробьевы горы!»,perechen-52,история,1,история,istoriya
52,37,Олимпиада школьников «Покори Воробьевы горы!»,perechen-52,литература,1,литература,literatura
52,37,Олимпиада школьников «Покори Воробьевы горы!»,perechen-52,математика,1,математика,matematika
52,37,Олимпиада школьников «Покори Воробьевы горы!»,perechen-52,обществознание,1,обществознание,obshchestvo
52,37,Олимпиада школьников «Покори Воробьевы горы!»,perechen-52,журналистика,1,средства массовой информации и информационно-библиотечное дело,literatura
52,37,Олимпиада школьников «Покори Воробьевы горы!»,perechen-52,физика,1,физика,fizika
54,38,Олимпиада школьников «Физтех»,perechen-54,биология,2,биология,biologiya
54,38,Олимпиада школьников «Физтех»,perechen-54,информатика и программирование,2,информатика,informatika
54,38,Олимпиада школьников «Физтех»,perechen-54,математика,1,математика,matematika
54,38,Олимпиада школьников «Физтех»,perechen-54,научно-технический,2,"математика, физика",matematika;fizika
54,38,Олимпиада школьников «Физтех»,perechen-54,инженерное дело,2,физика,fizika
54,38,Олимпиада школьников «Физтех»,perechen-54,физика,1,физика,fizika
54,38,Олимпиада школьников «Физтех»,perechen-54,химия,3,химия,himiya
55,39,Олимпиада школьников «Шаг в будущее»,perechen-55,информатика,3,информатика и вычислительная техника,informatika
55,39,Олимпиада школьников «Шаг в будущее»,perechen-55,инженерное дело,2,"компьютерные и информационные науки, информатика и вычислительная техника, информационная безопасность, электроника, радиотехника и системы связи, фотоника, приборостроение, оптические и биотехнические системы и технологии, электро- и теплоэнергетика, ядерная энергетика и технологии, машиностроение, оружие и системы вооружения, техносферная безопасность и природообустройство, технологии материалов, техника и технологии наземного транспорта, авиационная и ракетно-космическая техника, управление в технических системах, нанотехнологии и наноматериалы",informatika;inzheneriya;fizika
55,39,Олимпиада школьников «Шаг в будущее»,perechen-55,компьютерное моделирование и графика,3,"компьютерные и информационные науки, информатика и вычислительная техника, информационная безопасность, электроника, радиотехника и системы связи, фотоника, приборостроение, оптические и биотехнические системы и технологии, электро- и теплоэнергетика, ядерная энергетика и технологии, машиностроение, оружие и системы вооружения, техносферная безопасность и природообустройство, технологии материалов, техника и технологии наземного транспорта, авиационная и ракетно-космическая техника, управление в технических системах, нанотехнологии и наноматериалы",informatika;inzheneriya;fizika
55,39,Олимпиада школьников «Шаг в будущее»,perechen-55,математика,3,математика,matematika
55,39,Олимпиада школьников «Шаг в будущее»,perechen-55,физика,2,физика,fizika
55,39,Олимпиада школьников «Шаг в будущее»,perechen-55,химия,3,химия,himiya
56,40,Олимпиада школьников по информатике и программированию,perechen-56,информатика,1,информатика,informatika
57,41,Олимпиада школьников по программированию «ТехноКубок»,perechen-57,информатика,1,информатика,informatika
58,42,Олимпиада школьников Российской академии народного хозяйства и государственной службы при Президенте Российской Федерации,perechen-58,иностранный язык,3,иностранный язык,yazyki
58,42,Олимпиада школьников Российской академии народного хозяйства и государственной службы при Президенте Российской Федерации,perechen-58,история,2,история,istoriya
58,42,Олимпиада школьников Российской академии народного хозяйства и государственной службы при Президенте Российской Федерации,perechen-58,обществознание,2,обществознание,obshchestvo
58,42,Олимпиада школьников Российской академии народного хозяйства и государственной службы при Президенте Российской Федерации,perechen-58,политология,2,политология,obshchestvo
58,42,Олимпиада школьников Российской академии народного хозяйства и государственной службы при Президенте Российской Федерации,perechen-58,журналистика,2,средства массовой информации и информационно-библиотечное дело,literatura
58,42,Олимпиада школьников Российской академии народного хозяйства и государственной службы при Президенте Российской Федерации,perechen-58,финансовая грамотность,2,экономика,ekonomika
58,42,Олимпиада школьников Российской академии народного хозяйства и государственной службы при Президенте Российской Федерации,perechen-58,экономика,3,экономика,ekonomika
59,43,Олимпиада школьников Санкт-Петербургского государственного университета,perechen-59,биология,1,биология,biologiya
59,43,Олимпиада школьников Санкт-Петербургского государственного университета,perechen-59,география,1,география,nauki-o-zemle
59,43,Олимпиада школьников Санкт-Петербургского государственного университета,perechen-59,иностранный язык,1,иностранный язык,yazyki
59,43,Олимпиада школьников Санкт-Петербургского государственного университета,perechen-59,филология,1,"иностранный язык, литература, русский язык",yazyki;literatura
59,43,Олимпиада школьников Санкт-Петербургского государственного университета,perechen-59,информатика,1,информатика,informatika
59,43,Олимпиада школьников Санкт-Петербургского государственного университета,perechen-59,математическое моделирование и искусственный интеллект,3,информатика и вычислительная техника,informatika
59,43,Олимпиада школьников Санкт-Петербургского государственного университета,perechen-59,история,1,история,istoriya
59,43,Олимпиада школьников Санкт-Петербургского государственного университета,perechen-59,медицина,2,"клиническая медицина, фармация, сестринское дело",biologiya
59,43,Олимпиада школьников Санкт-Петербургского государственного университета,perechen-59,математика,1,математика,matematika
59,43,Олимпиада школьников Санкт-Петербургского государственного университета,perechen-59,инженерные системы,3,"математика, астрономия, химия, управление в технических системах",matematika;fizika;himiya;inzheneriya
59,43,Олимпиада школьников Санкт-Петербургского государственного университета,perechen-59,обществознание,1,обществознание,obshchestvo
59,43,Олимпиада школьников Санкт-Петербургского государственного университета,perechen-59,гуманитарные и социальные науки,1,"обществознание, история",obshchestvo;istoriya
59,43,Олимпиада школьников Санкт-Петербургского государственного университета,perechen-59,международные отношения,2,политические науки и регионоведение,obshchestvo
59,43,Олимпиада школьников Санкт-Петербургского государственного университета,perechen-59,политология,2,политические науки и регионоведение,obshchestvo
59,43,Олимпиада школьников Санкт-Петербургского государственного университета,perechen-59,право,1,право,obshchestvo
59,43,Олимпиада школьников Санкт-Петербургского государственного университета,perechen-59,психология,3,психологические науки,obshchestvo
59,43,Олимпиада школьников Санкт-Петербургского государственного университета,perechen-59,журналистика,1,средства массовой информации и информационно-библиотечное дело,literatura
59,43,Олимпиада школьников Санкт-Петербургского государственного университета,perechen-59,физика,2,физика,fizika
59,43,Олимпиада школьников Санкт-Петербургского государственного университета,perechen-59,философия,2,"философия, этика и религиоведение, теология, психологические науки",obshchestvo
59,43,Олимпиада школьников Санкт-Петербургского государственного университета,perechen-59,химия,2,химия,himiya
59,43,Олимпиада школьников Санкт-Петербургского государственного университета,perechen-59,экономика,2,экономика,ekonomika
60,44,Олимпиада школьников федерального государственного бюджетного образовательного учреждения высшего образования «Всероссийский государственный университет юстиции (РПА Минюста России)» «В мир права»,perechen-60,право,2,юриспруденция,obshchestvo
61,45,Олимпиада Юношеской математической школы,perechen-61,математика,2,математика,matematika
62,46,Открытая межвузовская олимпиада школьников «Будущее Сибири»,perechen-62,физика,3,физика,fizika
62,46,Открытая межвузовская олимпиада школьников «Будущее Сибири»,perechen-62,химия,2,химия,himiya
64,47,Открытая олимпиада школьников,perechen-64,информатика,1,информатика,informatika
64,47,Открытая олимпиада школьников,perechen-64,математика,3,математика,matematika
64,47,Открытая олимпиада школьников,perechen-64,физика,3,физика,fizika
65,48,Открытая олимпиада школьников по программированию,perechen-65,информатика,1,информатика,informatika
67,49,Открытая региональная межвузовская олимпиада школьников (ОРМО) с международным участием,perechen-67,география,3,география,nauki-o-zemle
67,49,Открытая региональная межвузовская олимпиада школьников (ОРМО) с международным участием,perechen-67,история,3,история,istoriya
67,49,Открытая региональная межвузовская олимпиада школьников (ОРМО) с международным участием,perechen-67,литература,2,литература,literatura
67,49,Открытая региональная межвузовская олимпиада школьников (ОРМО) с международным участием,perechen-67,русский язык,2,русский язык,yazyki
67,49,Открытая региональная межвузовская олимпиада школьников (ОРМО) с международным участием,perechen-67,физика,3,физика,fizika
67,49,Открытая региональная межвузовская олимпиада школьников (ОРМО) с международным участием,perechen-67,химия,3,химия,himiya
68,50,Открытая химическая олимпиада,perechen-68,химия,3,химия,himiya
69,51,Отраслевая олимпиада школьников «Газпром»,perechen-69,инженерное дело,3,инженерные технологии,inzheneriya
69,51,Отраслевая олимпиада школьников «Газпром»,perechen-69,информационные и коммуникационные технологии,3,информатика,inzheneriya;informatika
69,51,Отраслевая олимпиада школьников «Газпром»,perechen-69,физика,3,физика,fizika
70,52,Отраслевая физико-математическая олимпиада школьников «Росатом»,perechen-70,математика,2,математика,matematika
70,52,Отраслевая физико-математическая олимпиада школьников «Росатом»,perechen-70,физика,1,физика,fizika
70,52,Отраслевая физико-математическая олимпиада школьников «Росатом»,perechen-70,информатика,1,информатика,informatika
72,53,Плехановская олимпиада школьников,perechen-72,иностранный язык,2,иностранный язык,yazyki
72,53,Плехановская олимпиада школьников,perechen-72,финансовая грамотность,3,обществознание,ekonomika;obshchestvo
72,53,Плехановская олимпиада школьников,perechen-72,экономика,2,обществознание,ekonomika;obshchestvo
72,53,Плехановская олимпиада школьников,perechen-72,русский язык,2,русский язык,yazyki
73,54,Региональный конкурс школьников Челябинского университетского образовательного округа,perechen-73,иностранный язык,3,иностранный язык,yazyki
73,54,Региональный конкурс школьников Челябинского университетского образовательного округа,perechen-73,обществознание,3,обществознание,obshchestvo
75,55,Санкт-Петербургская олимпиада школьников,perechen-75,математика,1,математика,matematika
75,55,Санкт-Петербургская олимпиада школьников,perechen-75,физика,2,физика,fizika
75,55,Санкт-Петербургская олимпиада школьников,perechen-75,химия,1,химия,himiya
76,56,Северо-Восточная олимпиада школьников,perechen-76,родные языки,3,образование и педагогические науки,prochee
80,57,Телевизионная гуманитарная олимпиада школьников «Умницы и умники»,perechen-80,гуманитарные и социальные науки,1,"средства массовой информации и информационно-библиотечное дело, политические науки и регионоведение",literatura;obshchestvo
81,58,Турнир городов,perechen-81,математика,1,математика,matematika
82,59,Турнир имени М.В. Ломоносова,perechen-82,астрономия и науки о Земле,3,астрономия,fizika
82,59,Турнир имени М.В. Ломоносова,perechen-82,биология,3,биология,biologiya
82,59,Турнир имени М.В. Ломоносова,perechen-82,лингвистика,2,иностранный язык,yazyki
82,59,Турнир имени М.В. Ломоносова,perechen-82,история,2,история,istoriya
82,59,Турнир имени М.В. Ломоносова,perechen-82,литература,2,литература,literatura
82,59,Турнир имени М.В. Ломоносова,perechen-82,математика,2,математика,matematika
82,59,Турнир имени М.В. Ломоносова,perechen-82,физика,1,физика,fizika
82,59,Турнир имени М.В. Ломоносова,perechen-82,химия,3,химия,himiya
83,60,Университетская олимпиада школьников «Бельчонок»,perechen-83,информатика,3,информатика,informatika
83,60,Университетская олимпиада школьников «Бельчонок»,perechen-83,математика,3,математика,matematika
83,60,Университетская олимпиада школьников «Бельчонок»,perechen-83,физика,3,физика,fizika
83,60,Университетская олимпиада школьников «Бельчонок»,perechen-83,химия,2,химия,himiya
